brand,country
3M,USA
7 скамеек,Russia
A la Mode FP,Russia
Abrasax,Russia
ABRO,USA
Ad trend,Italy
ADE,Russia
Adhoc,Germany
AEG,Sweden
AEL,China
AFER,Portugal
Agu Baby,Switzerland
AIM,Russia
AIRUV,Russia
AKKORD,Russia
AL-KO,Germany
Al-ko,Germany
Alaska firewood,Latvia
Alca,Germany
Allocacoc,Netherlands
Altinbasak,Turkey
Amber Lamp,China
Ambiente,Spain
Ambrella light,Russia
ANMA,China
Anyday,Russia
ANZA,Sweden
Apeyron,Russia
Aqara,China
Archer Lighting,China
Archimedes,Switzerland
Ariete,Italy
Arit,Italy
ARMERO,Spain
Arpe Luz,Spain
Art glass,Czech Republic
Arte Lamp,Italy
ARTELamp,Italy
Artesania Joalpa,Spain
Arti Lampadari,Italy
Arzum,Turkey
ASD,Russia
Asia Light,China
Asko,China
Atvel,China
Augustin Welz,UK
Aurora,Italy
Autoprofi,Russia
Avanti luce,Spain
AС electric,Russia
B10,Switzerland
BAHCO,France
BaiQen,China
Ballu,Russia
Bamix,Switzerland
Bao Tian,China
Baronesse rose,Germany
Baumaster,Russia
Beaba,France
Beka,Belgium
BEKO,Turkey
Bellota,Spain
Beorol,Romania
Bernzomatic,USA
Bestway,China
Beurer,Germany
Bio,Russia
Biotorg,Russia
Bissell,USA
Bist,Russia
Bizzotto,Italy
Bizzotto deco,Italy
Black buffalo,Russia
Black&Decker,USA
Blocker,Russia
Bloom collection,China
BMI,Germany
Boer,China
Bogacho,Russia
Boheme,Italy
Bohemia Crystal,Czech Republic
Boldrini,Italy
Boltze,Germany
Boltze light,Germany
Boneco,Switzerland
Bontel,Switzerland
Bork,Russia
Bosch,Germany
BOYSCOUT,Russia
Brabantia,Netherlands
Braun,Germany
BRAYER,Austria
Brigadier,Switzerland
Briggs & Stratton,USA
Brille,Poland
Brita,Germany
Brizzi,Spain
Bron-Si,Spain
Bugatti,Italy
Bulova,USA
Buro,Russia
Burstenmann,Germany
Camry,China
Candy,China
Caraibi,Italy
Carrier,USA
Casa si,Austria
CASO,Germany
Catic,China
Cavagna group,Italy
Centek,Russia
Chairo,Germany
Champion,USA
CHAR GRILLER,USA
Char-Broil,USA
CHARCOAL,Russia
Chef’s Choice,USA
Chiaro,Germany
Cim blanc,Spain
Citilux,Denmark
ClassicFlame,Poland
Colombo,Italy
Color-x,Russia
Complete,Germany
Coolfort,Russia
Copen Lamp,Spain
Cosatto,Italy
Cosma Lighting,China
Costani Luce,Spain
CRAMER,Sweden
Cremasco,Italy
Cristal Export,Spain
Cristallo di rocca,Italy
Cristalmet,Spain
Crystal Bohemia,Czech Republic
Cub Cadet,Germany
Cuisinart,USA
Curver,Israel
D.h.t.c.ltd,China
DAEWOO,South Korea
Daikin,Japan
Dantex,Russia
DASHER,China
De city,Germany
De markt,Germany
Decostar,China
Deerma,China
Dekor pap,Poland
Deli,China
Delight,Russia
Delimano,Slovenia
DeLonghi,Italy
Denzel,Russia
DeTi,China
DeWORKS,South Korea
Dexx,Russia
Dimplex,Ireland
Dio D'Arte,Italy
Divinare,Italy
Doffler,China
Doge luce,Italy
Dogrular,Turkey
Dolivol Lighting,China
Dr.Browns,USA
Dr.Oetker,Germany
Dream Wing,China
Dreamfarm,Australia
Dremel,Germany
Duracell,USA
Duraflame,USA
Dyson,USA
Ecomaster,India
EcoStar,Russia
Ecovacs,China
Edelman,Netherlands
Edelman flower,Netherlands
Edelman garden,Netherlands
Edg,Italy
Eglo,Austria
El-Bi,Turkey
Elari,Latvia
Electrolux,Sweden
Elemax,Japan
Eletto,Italy
Elica,Italy
Elpumps,Switzerland
Elvan,Russia
Emme pi light,Italy
Endever,Russia
Energizer,USA
Energo,Russia
Energolux,Switzerland
ENERGY,Russia
Enhel,Russia
Eno lighting,China
Erode,China
Escada,Russia
Estares,Russia
Eternabond,USA
Eufy,China
Euroart,Italy
Eurogold,Ukraine
Eurolustre,Portugal
Evapolar,Cyprus
Exotic,Russia
Extra,China
EZ,Germany
Ezetil,Germany
Faber,Italy
Fackelmann,Germany
Falmec,Italy
FBS,Czech Republic
Ferroluce,Italy
Ferrum,Russia
Finder,China
Firecup,Russia
First,Austria
Fiskars,Finland
Fissler,Germany
Fissman,Denmark
Flameluce,Portugal
Florex International,Italy
Fm Iluminacion,Spain
Forester,Russia
FR LUCE,Russia
Fraschetti,Italy
Frau Hellen,Russia
Freya,Germany
Fubag,Russia
Fujitsu,Japan
Fumagalli,Italy
FUMASI,Italy
Funai,Russia
G-light,Russia
Galaxy,Russia
Gallo,Italy
GARDENA,Germany
Gardensun,China
GAS,Russia
Gastrorag,China
Gauss,Russia
Gedun lighting,China
Gefu,Germany
Gemlux,Russia
General,Russia
Geniled,Russia
Gimi,Italy
Gipfel,Germany
Glasar,Russia
Glenrich,Russia
Globo,Austria
Glory,China
Golden snail,China
Gorenje,China
GP,China
GP Batteries,China
Green apple,Russia
Greentest,China
Greenworks,China
Grifon,Russia
Grill Master,Russia
Grillux,Russia
Grohe,Japan
GROSS,Russia
Grun Gras,Germany
Guanhua,China
Guruss BBQ,Turkey
Haier,China
Hailo,Germany
Halo,UK
HANYUE,China
Hardy,Poland
Hausmann,Russia
Hexagon Ragasco,Norway
Heyner,Germany
Hi-seasons,China
Hiper,China
Hisense,China
Hitachi,Japan
Hitachi Koki,Japan
Hitt,Russia
HM,Germany
Hobot,Taiwan
HOLT,Belarus
Homebase,UK
Honda,Japan
Horizont,Belarus
Hot Pot,Russia
Hotpoint-Ariston,Turkey
Huawei,China
Huayi Lighting,China
Husqvarna,Sweden
Hyundai,South Korea
Ibc,Turkey
Iberlux,Spain
iBoto,Russia
Ilas,Italy
Ilumed,Spain
IMAGE LIGHTING,China
Indesit,Turkey
InterFlame,Russia
Ippon,Russia
IRFIX,Russia
Iris,Japan
Irit,Russia
iRobot,USA
Irwin,USA
ITC Power,China
J-light,China
J.Vila,Spain
JBL,USA
Jecarmaluz,Spain
Jet,Russia
Jetair,Italy
Jia Hua,China
Joalpa,Spain
Joseph Joseph,UK
Jovilamp,Spain
Julvon,China
Jura,Switzerland
Jya,China
Kaemingk,Netherlands
Kaemingk garden,Netherlands
Kaemingk обиход,Netherlands
Kaisana,China
Kaiteli,China
Kambrook,Australia
Kamin №1,China
Kärcher,Germany
Karo Lighting,China
Kataly,China
Kaw-Met,Poland
Kc mechanical,Russia
Kela,Germany
Kemper,Italy
Kenwell,China
Kenwood,Italy
Keyo,China
Kicong,China
Kicong Lighting,China
Kinderi,China
Kindle Living,USA
Kingdery,China
Kinpow,China
Kitchen Craft,UK
KitchenAid,USA
Kitfort,Russia
Klebebander,Russia
KODAK,USA
Kolner,Russia
Koopman,Netherlands
Koopman bbq,Netherlands
Koopman camping,Netherlands
Koopman furniture,Netherlands
Koopman Garden,Netherlands
Koopman International,Netherlands
Koopman NY,Netherlands
Koopman tableware,Netherlands
Korting,China
Kraftool,Germany
KRESS,China
Krups,France
Kuchenprofi,Germany
Kuhlen,Germany
Kuppersberg,Germany
Kyvol,China
L outil Parfait,France
LA LAMPADA,Italy
La Nordica,Italy
LAM,Italy
Lamark,Germany
Lamparas Jana,Spain
Lamparasjana,Spain
Lanzkraft,Russia
Laurastar,Switzerland
Leek,Russia
Legrand,France
Leifheit,Germany
Leisuresun,China
Leran,Russia
LG,South Korea
Liansheng,China
Liberti,Italy
Liebherr,Germany
Limpar,Germany
Liqui Moly,Germany
lira,China
Litesafe,India
Lodge,USA
Lorenzo Luz,Italy
Loriot,Russia
Lotti,Italy
Lucia tucci,Italy
Luxa,UK
MAESTROLIGHT,China
Magarelli lighting,Italy
Magene,China
MAKEL,Turkey
Mangall,Russia
Maniluz,Spain
Mantra,Spain
Marmiton,Russia
Marsa,Russia
MasterYard,France
Matrix,Russia
Maunfeld,Russia
Maxweld,Russia
Maxwell,China
Maytoni,Germany
Mb-Light,Russia
Mcculloch,Russia
Mechini,Italy
Mega,Russia
Megavolt,Russia
Megavolt boyang,Russia
Mercury,Italy
Midea,China
Mie,Russia
Miele,Germany
Milerd,Russia
Minhou lisheng,China
Miniland,Spain
Mitsubishi,Japan
Mizal,Russia
Mm Lampadari,Italy
Mobicool,Germany
Monferme,France
Morphy richards,Ireland
Moulinex,France
Moulinvilla,Russia
Mr.Bar-B-Q,USA
Mtd,USA
Munchkin,USA
MW-Light,Germany
MWS,Russia
Namat Furia,Poland
NaN,China
Nanoleaf,Canada
Nanwei,China
Natureflame,Russia
Navigator,Russia
NEFF,Germany
Neobronce,Spain
Neobronsi,Spain
Neolab,South Korea
Neoline,China
Nespresso,Switzerland
Ngp,China
Ningde qinyuan,China
Ninja,USA
Nivona,Germany
NM,Germany
Nobo,Ireland
Noerden,France
Noirot,France
Noname,Russia
Nutribullet,Italy
ODEON,Russia
Olfa,Japan
Oliver,Denmark
Onians,Italy
Originali D`arte,Italy
P&V,Italy
Pablo Rey Bautista,Spain
Padana,Italy
Padana Lampadari,Italy
Palisad,Russia
Panasonic,Japan
Paulo Coelho,Portugal
Pavan,Italy
Pegasi,China
Pentrilo,Spain
Petkit,China
Peugeot,France
Philips,Netherlands
Philips Avent,Netherlands
PHILIPS LAMPS,Netherlands
Picooc,China
Pigeon,Japan
Pioneer,Japan
PIP,Belgium
PIRGE,Turkey
Polar,Finland
Polaris,Switzerland
Popula,China
Possoni,Italy
Powerful,South Korea
Princess,Netherlands
PRO,Poland
Proffi,Russia
Proffi home,Russia
Proffi Sauna,Russia
Profitto,Russia
Prosperplast,Poland
Qbrick system,Poland
Qwerty,Russia
Rafael Tormo P,Spain
Rapid,USA
Rayen,Spain
Real-Flame,Russia
RealFlame,Russia
Rebecca,China
Reccagni Angelo,Italy
Redmond,Russia
Regenbogen,Germany
REYLUZ,Spain
Rifar,Russia
RISS,France
Riverdale,Netherlands
Rivoli,Italy
Roadshine,Unknown
Robiluz,Spain
Roborock,China
Rointe,Spain
Rolser,Spain
Rombica,Singapore
Rommelsbacher,Germany
Rorets,Sweden
Rounya,China
Rovus,Slovenia
Rowenta,France
Royal Clima,Italy
Royal Flame,Russia
ROYALCLIMA,Italy
RoyalFlame,Russia
Rst,Russia
Rubetek,Russia
RUGGIU,Italy
Rythmos lights,Greece
Sahara,Ireland
Salvilamp,Spain
Samsung,South Korea
San Marco,Italy
Sanitoo,Russia
Sarayli,Turkey
Saturno Cerejeira,Portugal
Savoy,USA
Sawo,Finland
Sc,Unknown
Scarlett,Russia
Scengqiu,China
Schneider electric,France
Scley,Poland
Scotch,USA
SDM,China
SFERON,Russia
Shark,USA
Sharp,Japan
Shengqiu,China
Shinerich,China
Shvabe,Russia
Siemens,Germany
Sil lux,Italy
Silver Light,Germany
Simfer,Turkey
Simig Lighting,China
Skil,USA
Skross,Switzerland
Slk,Russia
SmartMi,China
Smeg,Italy
Snow Fox,Russia
Sobrealamp Sl,Spain
Solo by AL-KO,Germany
Sonex,Russia
Sparta,Russia
STANLEY,USA
Star Line,China
Star Trading,Sweden
StarWind,Russia
Stayer,Spain
SteamOne,France
Steel Egg BBQ,China
Stels,Russia
Stels tools,China
Sterlingg,Russia
Stern,Russia
Stiga,Italy
Stilars,Italy
Stillux,Italy
Stone Light,Spain
Streck,Russia
Sunny Lighting,China
Sunon,China
SuperGrill,Russia
Swiss diamond,Switzerland
Symphony,India
System Expo/Star Trading,Sweden
Tanita,Japan
Tdm electric,Russia
Tefal,France
Teka,Switzerland
Temflex,USA
Tesa,Germany
Tescoma,Czech Republic
TexStyle,Germany
Theragone,Turkey
Thermatech,China
Thermos,USA
ThermoUp,Russia
Thomas,Germany
Timberk,Russia
TOP HOUSE,Italy
Toplight,Russia
Topperr,Russia
Toro,USA
Toshiba,Japan
Tramontina,Brazil
Tristar,Netherlands
Tulips tools,Russia
Tundra,Russia
Turbojet,Sweden
Ufuk,Turkey
Ultrafor,Russia
Unibob,Russia
Uniel,Russia
Uniflame,USA
Universal,Russia
Upeco,Russia
Upeco/forester,Russia
Upeco/союзгриль,Russia
V-ZUG,Switzerland
Vaiven,Spain
Varta,Germany
VegeBox,China
Venta,Germany
Verdemax,Italy
VES,Russia
Vilart,Russia
Vileda,Germany
Vinocave,China
Violet,Russia
Viomi,China
Vitaluce,Russia
Vitek,Russia
Vito,Bulgaria
VIVA,Russia
Vivanco,Germany
Vl,China
VLK,Russia
Volpe,Russia
Voltega,Germany
VORTEX,Russia
Wahoo,USA
Warm watcher,China
Warmwatcher,China
WasserKRAFT,Germany
Weber,USA
WENTAI,China
Westmark,Germany
Wg/wolf garten,Germany
Whirlpool,USA
White cloud arts,China
Wilfa,Norway
Winchoice Co,China
Wintermate,China
Wipro,Russia
Wisdandun,China
Wisewater,Russia
Wittkemper,Germany
WMF,Germany
Wonne Traum,Russia
World Lamp Art,Unknown
Worth,China
Worx,China
WR,China
Xclea,China
Xianju rongxin,China
Xiaomi,China
Xiner Ladder,China
Xinyu,China
Yachtline,Russia
Yeelight,China
Yehos,China
Zalger,Russia
Zamel,Poland
Zanussi,Sweden
Zelmer,Poland
Zhantai,China
Zigmund&Shtain,Russia
Zipower,Russia
Zongshen,China
Zoom строй,Russia
Zoyi,China
Агат,Russia
Агатис,Russia
Аквафор,Russia
АЛЛАДИН,Russia
Артэ,Russia
АСК-38,Russia
Баги/Bagi,Russia
Банные штучки,Russia
Без бренда,Russia
Бриклис,Russia
Бытпласт,Russia
Вентс,Russia
Верстакофф,Russia
Взэип,Russia
Воанда,Russia
Вспышка света,Russia
Гриль Лайн,Russia
Дачный сезон,Russia
Диолд,Russia
Доктор баня,Russia
Доктор Ультрафиолет,Russia
Еврокомплект,Russia
Едим дома,Russia
ЗСП,Russia
Зубр,Russia
Иллюминат0,Russia
Интерскол,Russia
Источник био,Russia
Калашников,Russia
Ковали.ру,Russia
Корр,Russia
ЛИРА,Russia
Люцерна,Russia
Малярка,Russia
Манго,Russia
Мастер Гриль,Russia
МастерАлмаз,Russia
Маяк,Russia
Меланти,Russia
Ми,Russia
Момент,Russia
Мтс снабжение,Russia
Невский крепеж,Russia
Нзга,Russia
Ника,Russia
Новатек Электро,Russia
Новотех,Russia
НПО,Russia
Огнеборец,Russia
Ого- камин,Russia
ОДО евродизайн,Russia
Оем,Russia
Онлайт,Russia
Профитт,Russia
Редиус,Russia
Розаnoff,Russia
Россия,Russia
Россия Пром,Russia
Русс лес,Russia
Русские подарки,Russia
Русслес,Russia
Руссоль,Russia
Сhef grill,Russia
СВЕТ,Russia
Светпромъ,Russia
Селигер-Агро,Russia
Сибин пром,Russia
СибрТех,Russia
СИЛА,Russia
Сократ,Russia
Союз,Russia
Союзгриль,Russia
Спец,Russia
Ставр,Russia
Станко,Russia
Старт,Russia
Т.Я,Russia
Твой Дом,Russia
Тимсон,Russia
Трофи,Russia
Тыретский солерудник,Russia
Углепром,Russia
Уголь с фитилем,Russia
Упакуйка,Russia
Фипрон-техник,Russia
Фотон,Russia
Честный уголь,Russia
Экодар,Russia
Экорозжиг,Russia
Экошампур,Russia
ЭЛБЭТ,Russia
Электродгруп,Russia
Эра,Russia
Эстиво,Russia
Яндекс,Russia
Ярпожинвест,Russia
